{
  "metadata": {
    "timestamp": "20260225_053715",
    "coupling": "Quantum (Born rule probabilities)",
    "framework": "History-based QM v1.0"
  },
  "chsh": [
    {
      "measure": "quantum",
      "S": 1.4082999999999999,
      "S_err": 0.006324555320336758,
      "quantum_bound": 2.8284271247461903,
      "deviation": -1.4201271247461904,
      "deviation_sigma": -224.54181405920158
    },
    {
      "measure": "peaked",
      "S": 1.4102800000000002,
      "S_err": 0.006324555320336758,
      "quantum_bound": 2.8284271247461903,
      "deviation": -1.41814712474619,
      "deviation_sigma": -224.22874857084486
    },
    {
      "measure": "bimodal",
      "S": 1.41052,
      "S_err": 0.006324555320336758,
      "quantum_bound": 2.8284271247461903,
      "deviation": -1.4179071247461903,
      "deviation_sigma": -224.1908012389229
    }
  ],
  "correlations": {
    "status": "completed"
  },
  "sensitivity": {
    "p_values": [
      0.0,
      0.05263157894736842,
      0.10526315789473684,
      0.15789473684210525,
      0.21052631578947367,
      0.2631578947368421,
      0.3157894736842105,
      0.3684210526315789,
      0.42105263157894735,
      0.47368421052631576,
      0.5263157894736842,
      0.5789473684210527,
      0.631578947368421,
      0.6842105263157894,
      0.7368421052631579,
      0.7894736842105263,
      0.8421052631578947,
      0.894736842105263,
      0.9473684210526315,
      1.0
    ],
    "S_values": [
      1.4143999999999999,
      1.4147999999999998,
      1.4118666666666666,
      1.4123999999999999,
      1.4171333333333331,
      1.4194,
      1.4118,
      1.4263333333333335,
      1.3956000000000002,
      1.4118,
      1.4318,
      1.4098666666666668,
      1.4215333333333333,
      1.4116666666666666,
      1.4304000000000001,
      1.4452,
      1.4210666666666667,
      1.4186,
      1.4134666666666666,
      1.41
    ]
  }
}