measure,S,quantum_bound,deviation,E_ab,E_ab_prime,E_a_prime_b,E_a_prime_b_prime
quantum,2.828427,2.828427,0.000000,-0.707107,-0.707107,-0.707107,0.707107
peaked,2.701148,2.828427,-0.127279,-0.675287,-0.675287,-0.675287,0.675287
bimodal,2.489016,2.828427,-0.339411,-0.622254,-0.622254,-0.622254,0.622254
