{
  "metadata": {
    "timestamp": "20260225_053913",
    "framework": "Phenomenological (measure corrections to QM)",
    "assumption": "Uniform measure \u2192 quantum correlations"
  },
  "chsh": [
    {
      "measure": "quantum",
      "S": 2.8284271247461903,
      "quantum_bound": 2.8284271247461903,
      "deviation": 0.0,
      "E_ab": -0.7071067811865476,
      "E_ab_prime": -0.7071067811865476,
      "E_a_prime_b": -0.7071067811865476,
      "E_a_prime_b_prime": 0.7071067811865475
    },
    {
      "measure": "peaked",
      "S": 2.7011479041326116,
      "quantum_bound": 2.8284271247461903,
      "deviation": -0.12727922061357866,
      "E_ab": -0.6752869760331529,
      "E_ab_prime": -0.6752869760331529,
      "E_a_prime_b": -0.6752869760331529,
      "E_a_prime_b_prime": 0.6752869760331528
    },
    {
      "measure": "bimodal",
      "S": 2.4890158697766473,
      "quantum_bound": 2.8284271247461903,
      "deviation": -0.33941125496954294,
      "E_ab": -0.6222539674441618,
      "E_ab_prime": -0.6222539674441618,
      "E_a_prime_b": -0.6222539674441618,
      "E_a_prime_b_prime": 0.6222539674441617
    }
  ],
  "sensitivity": {
    "eta_values": [
      0.0,
      0.034482758620689655,
      0.06896551724137931,
      0.10344827586206896,
      0.13793103448275862,
      0.1724137931034483,
      0.20689655172413793,
      0.24137931034482757,
      0.27586206896551724,
      0.3103448275862069,
      0.3448275862068966,
      0.3793103448275862,
      0.41379310344827586,
      0.4482758620689655,
      0.48275862068965514,
      0.5172413793103449,
      0.5517241379310345,
      0.5862068965517241,
      0.6206896551724138,
      0.6551724137931034,
      0.6896551724137931,
      0.7241379310344828,
      0.7586206896551724,
      0.7931034482758621,
      0.8275862068965517,
      0.8620689655172413,
      0.896551724137931,
      0.9310344827586207,
      0.9655172413793103,
      1.0
    ],
    "S_values": [
      2.8284271247461903,
      2.813797329273365,
      2.7991675338005395,
      2.784537738327715,
      2.7699079428548896,
      2.755278147382065,
      2.7406483519092397,
      2.726018556436414,
      2.711388760963589,
      2.696758965490764,
      2.682129170017939,
      2.667499374545114,
      2.6528695790722887,
      2.638239783599464,
      2.6236099881266384,
      2.6089801926538136,
      2.594350397180988,
      2.5797206017081633,
      2.565090806235338,
      2.550461010762513,
      2.5358312152896874,
      2.5212014198168626,
      2.5065716243440375,
      2.4919418288712127,
      2.4773120333983867,
      2.462682237925562,
      2.4480524424527372,
      2.433422646979912,
      2.418792851507087,
      2.4041630560342613
    ]
  }
}