{
  "metadata": {
    "timestamp": "20260225_053432",
    "n_samples": 100000,
    "framework": "History-based QM v1.0"
  },
  "chsh": [
    {
      "measure": "quantum",
      "E_ab": -0.5039,
      "E_ab_prime": -0.50114,
      "E_a_prime_b": -0.49812,
      "E_a_prime_b_prime": 0.49848,
      "S": 2.00164,
      "S_err": 0.006324555320336758,
      "quantum_bound": 2.8284271247461903,
      "deviation": -0.8267871247461902,
      "deviation_sigma": -130.72652271498623
    },
    {
      "measure": "peaked",
      "E_ab": -0.95436,
      "E_ab_prime": -0.95484,
      "E_a_prime_b": -0.05042,
      "E_a_prime_b_prime": 0.04732,
      "S": 2.0069399999999997,
      "S_err": 0.006324555320336758,
      "quantum_bound": 2.8284271247461903,
      "deviation": -0.8214871247461906,
      "deviation_sigma": -129.88851913504166
    },
    {
      "measure": "bimodal",
      "E_ab": -1.0,
      "E_ab_prime": -1.0,
      "E_a_prime_b": -0.00034,
      "E_a_prime_b_prime": -0.00262,
      "S": 1.99772,
      "S_err": 0.006324555320336758,
      "quantum_bound": 2.8284271247461903,
      "deviation": -0.8307071247461904,
      "deviation_sigma": -131.34632913637927
    }
  ],
  "correlations": {
    "quantum": [
      -1.0,
      -0.94672,
      -0.89772,
      -0.84636,
      -0.7958,
      -0.74708,
      -0.69636,
      -0.64216,
      -0.5958,
      -0.53856,
      -0.4932,
      -0.43396,
      -0.386,
      -0.32836,
      -0.28648,
      -0.23188,
      -0.1772,
      -0.12636,
      -0.07004,
      -0.02584,
      0.01584,
      0.07808,
      0.1234,
      0.18024,
      0.2256,
      0.2842,
      0.32924,
      0.37992,
      0.43896,
      0.4874,
      0.53968,
      0.59588,
      0.64288,
      0.69304,
      0.74364,
      0.79596,
      0.85132,
      0.90008,
      0.94848,
      1.0
    ],
    "peaked": [
      -1.0,
      -0.99992,
      -0.9998,
      -0.99924,
      -0.99892,
      -0.99636,
      -0.99512,
      -0.98896,
      -0.98144,
      -0.9676,
      -0.9502,
      -0.91696,
      -0.87624,
      -0.81544,
      -0.74784,
      -0.64372,
      -0.5322,
      -0.3888,
      -0.23464,
      -0.08536,
      0.08028,
      0.23464,
      0.39536,
      0.52896,
      0.64316,
      0.73928,
      0.8156,
      0.87656,
      0.91784,
      0.94988,
      0.96784,
      0.98192,
      0.98844,
      0.99484,
      0.99724,
      0.99876,
      0.99936,
      0.99952,
      0.99984,
      1.0
    ],
    "bimodal": [
      -1.0,
      -1.0,
      -1.0,
      -1.0,
      -1.0,
      -1.0,
      -1.0,
      -1.0,
      -1.0,
      -1.0,
      -1.0,
      -1.0,
      -1.0,
      -1.0,
      -1.0,
      -1.0,
      -1.0,
      -1.0,
      -1.0,
      -1.0,
      1.0,
      1.0,
      1.0,
      1.0,
      1.0,
      1.0,
      1.0,
      1.0,
      1.0,
      1.0,
      1.0,
      1.0,
      1.0,
      1.0,
      1.0,
      1.0,
      1.0,
      1.0,
      1.0,
      1.0
    ]
  },
  "sensitivity": {
    "p_range": [
      0.0,
      0.041666666666666664,
      0.08333333333333333,
      0.125,
      0.16666666666666666,
      0.20833333333333331,
      0.25,
      0.29166666666666663,
      0.3333333333333333,
      0.375,
      0.41666666666666663,
      0.4583333333333333,
      0.5,
      0.5416666666666666,
      0.5833333333333333,
      0.625,
      0.6666666666666666,
      0.7083333333333333,
      0.75,
      0.7916666666666666,
      0.8333333333333333,
      0.875,
      0.9166666666666666,
      0.9583333333333333,
      1.0
    ],
    "S_vals": [
      1.9959333333333333,
      2.0019333333333336,
      1.9999999999999998,
      2.0039333333333333,
      1.9956666666666667,
      1.9891999999999999,
      1.9991999999999999,
      2.0073333333333334,
      1.9971333333333332,
      2.001866666666667,
      2.0156666666666667,
      2.0124666666666666,
      1.9886,
      1.9714,
      1.9922,
      1.9906666666666666,
      2.009,
      2.0029333333333335,
      2.019333333333333,
      2.002,
      2.0012,
      1.9958,
      2.0056666666666665,
      2.0082666666666666,
      2.005133333333333
    ]
  },
  "probabilities": [
    {
      "measure": "quantum",
      "angle_deg": 0,
      "angle_rad": 0.0,
      "P_pp": 0.0,
      "quantum_P_pp": 0.0,
      "deviation": 0.0
    },
    {
      "measure": "quantum",
      "angle_deg": 30,
      "angle_rad": 0.5235987755982988,
      "P_pp": 0.08392,
      "quantum_P_pp": 0.03349364905389032,
      "deviation": 0.05042635094610967
    },
    {
      "measure": "quantum",
      "angle_deg": 45,
      "angle_rad": 0.7853981633974483,
      "P_pp": 0.12554,
      "quantum_P_pp": 0.0732233047033631,
      "deviation": 0.052316695296636906
    },
    {
      "measure": "quantum",
      "angle_deg": 60,
      "angle_rad": 1.0471975511965976,
      "P_pp": 0.16814,
      "quantum_P_pp": 0.12499999999999997,
      "deviation": 0.04314000000000004
    },
    {
      "measure": "quantum",
      "angle_deg": 90,
      "angle_rad": 1.5707963267948966,
      "P_pp": 0.25234,
      "quantum_P_pp": 0.24999999999999997,
      "deviation": 0.0023400000000000365
    },
    {
      "measure": "quantum",
      "angle_deg": 120,
      "angle_rad": 2.0943951023931953,
      "P_pp": 0.33304,
      "quantum_P_pp": 0.37499999999999994,
      "deviation": -0.04195999999999994
    },
    {
      "measure": "quantum",
      "angle_deg": 135,
      "angle_rad": 2.356194490192345,
      "P_pp": 0.37486,
      "quantum_P_pp": 0.42677669529663687,
      "deviation": -0.05191669529663684
    },
    {
      "measure": "quantum",
      "angle_deg": 150,
      "angle_rad": 2.6179938779914944,
      "P_pp": 0.4152,
      "quantum_P_pp": 0.4665063509461097,
      "deviation": -0.05130635094610969
    },
    {
      "measure": "quantum",
      "angle_deg": 180,
      "angle_rad": 3.141592653589793,
      "P_pp": 0.50086,
      "quantum_P_pp": 0.5,
      "deviation": 0.0008599999999999719
    },
    {
      "measure": "peaked",
      "angle_deg": 0,
      "angle_rad": 0.0,
      "P_pp": 0.0,
      "quantum_P_pp": 0.0,
      "deviation": 0.0
    },
    {
      "measure": "peaked",
      "angle_deg": 30,
      "angle_rad": 0.5235987755982988,
      "P_pp": 0.00194,
      "quantum_P_pp": 0.03349364905389032,
      "deviation": -0.031553649053890326
    },
    {
      "measure": "peaked",
      "angle_deg": 45,
      "angle_rad": 0.7853981633974483,
      "P_pp": 0.01172,
      "quantum_P_pp": 0.0732233047033631,
      "deviation": -0.061503304703363106
    },
    {
      "measure": "peaked",
      "angle_deg": 60,
      "angle_rad": 1.0471975511965976,
      "P_pp": 0.045,
      "quantum_P_pp": 0.12499999999999997,
      "deviation": -0.07999999999999997
    },
    {
      "measure": "peaked",
      "angle_deg": 90,
      "angle_rad": 1.5707963267948966,
      "P_pp": 0.24924,
      "quantum_P_pp": 0.24999999999999997,
      "deviation": -0.0007599999999999829
    },
    {
      "measure": "peaked",
      "angle_deg": 120,
      "angle_rad": 2.0943951023931953,
      "P_pp": 0.4518,
      "quantum_P_pp": 0.37499999999999994,
      "deviation": 0.07680000000000003
    },
    {
      "measure": "peaked",
      "angle_deg": 135,
      "angle_rad": 2.356194490192345,
      "P_pp": 0.48934,
      "quantum_P_pp": 0.42677669529663687,
      "deviation": 0.06256330470336313
    },
    {
      "measure": "peaked",
      "angle_deg": 150,
      "angle_rad": 2.6179938779914944,
      "P_pp": 0.49846,
      "quantum_P_pp": 0.4665063509461097,
      "deviation": 0.03195364905389031
    },
    {
      "measure": "peaked",
      "angle_deg": 180,
      "angle_rad": 3.141592653589793,
      "P_pp": 0.49982,
      "quantum_P_pp": 0.5,
      "deviation": -0.00018000000000001348
    },
    {
      "measure": "bimodal",
      "angle_deg": 0,
      "angle_rad": 0.0,
      "P_pp": 0.0,
      "quantum_P_pp": 0.0,
      "deviation": 0.0
    },
    {
      "measure": "bimodal",
      "angle_deg": 30,
      "angle_rad": 0.5235987755982988,